0,0,0.15976
0.010012,0.001638,0.15976
0.020024,0.0032266,0.15498
0.030036,0.0047663,0.15024
0.040047,0.0062576,0.14554
0.050058,0.0077011,0.14088
0.060068,0.0090971,0.13627
0.070078,0.010446,0.1317
0.080088,0.011749,0.12717
0.090097,0.013006,0.12268
0.10011,0.014217,0.11824
0.11012,0.015384,0.11384
0.12012,0.016506,0.10949
0.13013,0.017584,0.10518
0.14014,0.018619,0.10092
0.15015,0.019611,0.096704
0.16015,0.020561,0.092532
0.17016,0.021468,0.088406
0.18017,0.022335,0.084327
0.19017,0.02316,0.080294
0.20018,0.023945,0.076307
0.21018,0.02469,0.072367
0.22019,0.025396,0.068475
0.23019,0.026062,0.06463
0.2402,0.026691,0.060832
0.2502,0.027281,0.057082
0.26021,0.027834,0.05338
0.27021,0.02835,0.049726
0.28022,0.02883,0.04612
0.29022,0.029274,0.042563
0.30022,0.029682,0.039054
0.31022,0.030055,0.035594
0.32023,0.030394,0.032182
0.33023,0.030699,0.02882
0.34023,0.030971,0.025506
0.35023,0.03121,0.022242
0.36023,0.031416,0.019026
0.37024,0.03159,0.01586
0.38024,0.031733,0.012744
0.39024,0.031845,0.0096768
0.40024,0.031927,0.0066593
0.41024,0.031978,0.0036914
0.42024,0.032,0.00077322
0.43024,0.031994,-0.0020952
0.44024,0.031959,-0.0049139
0.45024,0.031895,-0.0076826
0.46024,0.031805,-0.010402
0.47024,0.031687,-0.013071
0.48024,0.031544,-0.01569
0.49023,0.031374,-0.018259
0.50023,0.031178,-0.020778
0.51023,0.030958,-0.023246
0.52023,0.030713,-0.025665
0.53023,0.030445,-0.028034
0.54023,0.030153,-0.030353
0.55022,0.029838,-0.032621
0.56022,0.0295,-0.03484
0.57022,0.029141,-0.037008
0.58022,0.02876,-0.039127
0.59021,0.028358,-0.041195
0.60021,0.027936,-0.043213
0.61021,0.027494,-0.045181
0.6202,0.027032,-0.047099
0.6302,0.026551,-0.048966
0.64019,0.026052,-0.050784
0.65019,0.025535,-0.052551
0.66019,0.025001,-0.054269
0.67018,0.024449,-0.055936
0.68018,0.023881,-0.057554
0.69017,0.023297,-0.059121
0.70017,0.022698,-0.060639
0.71017,0.022084,-0.062106
0.72016,0.021455,-0.063524
0.73016,0.020812,-0.064891
0.74015,0.020156,-0.066209
0.75015,0.019486,-0.067476
0.76014,0.018805,-0.068694
0.77014,0.018111,-0.069862
0.78013,0.017406,-0.07098
0.79012,0.01669,-0.072048
0.80012,0.015963,-0.073067
0.81011,0.015227,-0.074035
0.82011,0.014481,-0.074954
0.8301,0.013726,-0.075823
0.8401,0.012962,-0.076642
0.85009,0.012191,-0.077412
0.86009,0.011412,-0.078132
0.87008,0.010626,-0.078802
0.88007,0.0098334,-0.079422
0.89007,0.009035,-0.079993
0.90006,0.0082311,-0.080514
0.91006,0.0074222,-0.080985
0.92005,0.0066088,-0.081407
0.93004,0.0057914,-0.081779
0.94004,0.0049706,-0.082102
0.95003,0.0041467,-0.082375
0.96002,0.0033204,-0.082598
0.97002,0.002492,-0.082771
0.98001,0.0016622,-0.082895
0.99001,0.00083134,-0.08297
1,0,-0.082995
1.01,-0.00083134,-0.08297
1.02,-0.0016622,-0.082895
1.03,-0.002492,-0.082771
1.04,-0.0033204,-0.082598
1.05,-0.0041467,-0.082375
1.06,-0.0049706,-0.082102
1.07,-0.0057914,-0.081779
1.08,-0.0066088,-0.081407
1.0899,-0.0074222,-0.080985
1.0999,-0.0082311,-0.080514
1.1099,-0.009035,-0.079993
1.1199,-0.0098334,-0.079422
1.1299,-0.010626,-0.078802
1.1399,-0.011412,-0.078132
1.1499,-0.012191,-0.077412
1.1599,-0.012962,-0.076642
1.1699,-0.013726,-0.075823
1.1799,-0.014481,-0.074954
1.1899,-0.015227,-0.074035
1.1999,-0.015963,-0.073067
1.2099,-0.01669,-0.072048
1.2199,-0.017406,-0.07098
1.2299,-0.018111,-0.069862
1.2399,-0.018805,-0.068694
1.2499,-0.019486,-0.067476
1.2598,-0.020156,-0.066209
1.2698,-0.020812,-0.064891
1.2798,-0.021455,-0.063524
1.2898,-0.022084,-0.062106
1.2998,-0.022698,-0.060639
1.3098,-0.023297,-0.059121
1.3198,-0.023881,-0.057554
1.3298,-0.024449,-0.055936
1.3398,-0.025001,-0.054269
1.3498,-0.025535,-0.052551
1.3598,-0.026052,-0.050784
1.3698,-0.026551,-0.048966
1.3798,-0.027032,-0.047099
1.3898,-0.027494,-0.045181
1.3998,-0.027936,-0.043213
1.4098,-0.028358,-0.041195
1.4198,-0.02876,-0.039127
1.4298,-0.029141,-0.037008
1.4398,-0.0295,-0.03484
1.4498,-0.029838,-0.032621
1.4598,-0.030153,-0.030353
1.4698,-0.030445,-0.028034
1.4798,-0.030713,-0.025665
1.4898,-0.030958,-0.023246
1.4998,-0.031178,-0.020778
1.5098,-0.031374,-0.018259
1.5198,-0.031544,-0.01569
1.5298,-0.031687,-0.013071
1.5398,-0.031805,-0.010402
1.5498,-0.031895,-0.0076826
1.5598,-0.031959,-0.0049139
1.5698,-0.031994,-0.0020952
1.5798,-0.032,0.00077322
1.5898,-0.031978,0.0036914
1.5998,-0.031927,0.0066593
1.6098,-0.031845,0.0096768
1.6198,-0.031733,0.012744
1.6298,-0.03159,0.01586
1.6398,-0.031416,0.019026
1.6498,-0.03121,0.022242
1.6598,-0.030971,0.025506
1.6698,-0.030699,0.02882
1.6798,-0.030394,0.032182
1.6898,-0.030055,0.035594
1.6998,-0.029682,0.039054
1.7098,-0.029274,0.042563
1.7198,-0.02883,0.04612
1.7298,-0.02835,0.049726
1.7398,-0.027834,0.05338
1.7498,-0.027281,0.057082
1.7598,-0.026691,0.060832
1.7698,-0.026062,0.06463
1.7798,-0.025396,0.068475
1.7898,-0.02469,0.072367
1.7998,-0.023945,0.076307
1.8098,-0.02316,0.080294
1.8198,-0.022335,0.084327
1.8298,-0.021468,0.088406
1.8398,-0.020561,0.092532
1.8499,-0.019611,0.096704
1.8599,-0.018619,0.10092
1.8699,-0.017584,0.10518
1.8799,-0.016506,0.10949
1.8899,-0.015384,0.11384
1.8999,-0.014217,0.11824
1.9099,-0.013006,0.12268
1.9199,-0.011749,0.12717
1.9299,-0.010446,0.1317
1.9399,-0.0090971,0.13627
1.9499,-0.0077011,0.14088
1.96,-0.0062576,0.14554
1.97,-0.0047663,0.15024
1.98,-0.0032266,0.15498
1.99,-0.001638,0.15976
2,0,0.16458
2.01,0.0016879,0.16945
2.02,0.0034261,0.17435
2.03,0.0052153,0.1793
2.0401,0.0070559,0.18428
2.0501,0.0089483,0.1893
2.0601,0.010893,0.19437
2.0701,0.012891,0.19947
2.0801,0.014942,0.20461
2.0901,0.017047,0.20979
2.1001,0.019207,0.215
2.1102,0.021422,0.22025
2.1202,0.023692,0.22554
2.1302,0.026018,0.23086
2.1402,0.0284,0.23621
2.1502,0.030839,0.2416
2.1602,0.033336,0.24703
2.1702,0.035891,0.25249
2.1803,0.038504,0.25797
2.1903,0.041177,0.2635
2.2003,0.043908,0.26905
2.2103,0.0467,0.27463
2.2203,0.049552,0.28024
2.2303,0.052466,0.28588
2.2404,0.055441,0.29155
2.2504,0.058477,0.29725
2.2604,0.061577,0.30297
2.2704,0.064739,0.30872
2.2804,0.067965,0.31449
2.2904,0.071255,0.32029
2.3005,0.07461,0.32612
2.3105,0.078029,0.33196
2.3205,0.081514,0.33783
2.3305,0.085066,0.34372
2.3405,0.088683,0.34963
2.3505,0.092368,0.35556
2.3605,0.096121,0.36151
2.3706,0.099941,0.36748
2.3806,0.10383,0.37347
2.3906,0.10779,0.37947
2.4006,0.11182,0.38549
2.4106,0.11591,0.39152
2.4206,0.12008,0.39757
2.4306,0.12432,0.40363
2.4406,0.12863,0.4097
2.4507,0.13302,0.41579
2.4607,0.13747,0.42188
2.4707,0.142,0.42799
2.4807,0.14661,0.4341
2.4907,0.15128,0.44022
2.5007,0.15604,0.44635
2.5107,0.16086,0.45249
2.5207,0.16576,0.45863
2.5307,0.17074,0.46478
2.5407,0.1758,0.47093
2.5507,0.18093,0.47708
2.5607,0.18614,0.48324
2.5707,0.19143,0.4894
2.5807,0.1968,0.49556
2.5907,0.20224,0.50171
2.6007,0.20777,0.50787
2.6107,0.21338,0.51403
2.6207,0.21906,0.52018
2.6307,0.22483,0.52633
2.6407,0.23068,0.53247
2.6507,0.23662,0.53861
2.6607,0.24263,0.54475
2.6707,0.24873,0.55087
2.6807,0.25491,0.55699
2.6907,0.26118,0.56311
2.7007,0.26753,0.56921
2.7107,0.27397,0.5753
2.7207,0.28049,0.58138
2.7307,0.2871,0.58746
2.7407,0.29379,0.59351
2.7507,0.30058,0.59956
2.7607,0.30745,0.6056
2.7706,0.3144,0.61162
2.7806,0.32145,0.61762
2.7906,0.32859,0.62361
2.8006,0.33582,0.62958
2.8106,0.34313,0.63554
2.8206,0.35054,0.64148
2.8305,0.35804,0.6474
2.8405,0.36563,0.65331
2.8505,0.37332,0.65919
2.8605,0.38109,0.66506
2.8704,0.38896,0.67091
2.8804,0.39693,0.67673
2.8904,0.40499,0.68253
2.9004,0.41314,0.68832
2.9103,0.42139,0.69408
2.9203,0.42973,0.69982
2.9303,0.43817,0.70553
2.9402,0.44671,0.71122
2.9502,0.45535,0.71689
2.9602,0.46408,0.72253
2.9701,0.47291,0.72815
2.9801,0.48184,0.73374
2.99,0.49087,0.73931
3,0.5,0.74484
3.01,0.50923,0.75025
3.0199,0.51856,0.7555
3.0299,0.52798,0.76055
3.0398,0.5375,0.76542
3.0498,0.5471,0.77012
3.0597,0.5568,0.77464
3.0697,0.56658,0.77899
3.0796,0.57644,0.78317
3.0896,0.58638,0.78719
3.0995,0.5964,0.79105
3.1094,0.6065,0.79475
3.1194,0.61667,0.79829
3.1293,0.62691,0.80169
3.1393,0.63721,0.80494
3.1492,0.64758,0.80804
3.1592,0.65802,0.811
3.1691,0.66851,0.81381
3.179,0.67906,0.81649
3.189,0.68967,0.81903
3.1989,0.70033,0.82144
3.2089,0.71104,0.82371
3.2188,0.7218,0.82585
3.2287,0.7326,0.82786
3.2387,0.74344,0.82974
3.2486,0.75433,0.8315
3.2586,0.76525,0.83313
3.2685,0.77621,0.83464
3.2785,0.78719,0.83603
3.2884,0.79821,0.83729
3.2983,0.80926,0.83843
3.3083,0.82033,0.83946
3.3182,0.83142,0.84036
3.3282,0.84254,0.84115
3.3381,0.85367,0.84182
3.3481,0.86481,0.84237
3.358,0.87597,0.84281
3.368,0.88714,0.84313
3.3779,0.89831,0.84333
3.3879,0.90949,0.84342
3.3978,0.92067,0.84339
3.4078,0.93185,0.84325
3.4177,0.94303,0.84299
3.4277,0.9542,0.84262
3.4376,0.96536,0.84213
3.4476,0.97652,0.84152
3.4576,0.98766,0.84079
3.4675,0.99878,0.83995
3.4775,1.0099,0.839
3.4875,1.021,0.83792
3.4974,1.032,0.83672
3.5074,1.0431,0.83541
3.5174,1.0541,0.83397
3.5274,1.0651,0.83241
3.5373,1.076,0.83073
3.5473,1.0869,0.82892
3.5573,1.0978,0.82699
3.5673,1.1086,0.82493
3.5773,1.1194,0.82274
3.5873,1.1301,0.82043
3.5973,1.1408,0.81798
3.6073,1.1515,0.81539
3.6172,1.1621,0.81267
3.6273,1.1726,0.80982
3.6373,1.1831,0.80682
3.6473,1.1935,0.80369
3.6573,1.2038,0.8004
3.6673,1.2141,0.79697
3.6773,1.2243,0.7934
3.6873,1.2345,0.78967
3.6974,1.2446,0.78578
3.7074,1.2546,0.78174
3.7174,1.2645,0.77753
3.7274,1.2743,0.77317
3.7375,1.2841,0.76863
3.7475,1.2937,0.76392
3.7576,1.3033,0.75904
3.7676,1.3128,0.75398
3.7777,1.3222,0.74874
3.7877,1.3315,0.74331
3.7978,1.3407,0.73768
3.8079,1.3498,0.73187
3.8179,1.3588,0.72585
3.828,1.3677,0.71963
3.8381,1.3764,0.7132
3.8482,1.3851,0.70655
3.8583,1.3936,0.69969
3.8683,1.4021,0.6926
3.8784,1.4104,0.68528
3.8885,1.4186,0.67772
3.8987,1.4267,0.66992
3.9088,1.4346,0.66187
3.9189,1.4424,0.65356
3.929,1.4501,0.645
3.9391,1.4577,0.63616
3.9493,1.4651,0.62706
3.9594,1.4723,0.61767
3.9695,1.4795,0.60799
3.9797,1.4865,0.59802
3.9898,1.4933,0.58775
4,1.5,0.5772
4.0102,1.5065,0.56647
4.0203,1.5129,0.55568
4.0305,1.5192,0.54486
4.0407,1.5253,0.53401
4.0508,1.5312,0.52312
4.061,1.537,0.5122
4.0712,1.5426,0.50124
4.0813,1.5481,0.49024
4.0915,1.5535,0.4792
4.1017,1.5587,0.46813
4.1118,1.5637,0.45701
4.1219,1.5686,0.44586
4.132,1.5734,0.43465
4.1421,1.578,0.42341
4.1522,1.5825,0.41212
4.1623,1.5868,0.40078
4.1724,1.591,0.3894
4.1824,1.5951,0.37796
4.1924,1.599,0.36647
4.2024,1.6028,0.35493
4.2124,1.6064,0.34334
4.2223,1.6099,0.33169
4.2322,1.6132,0.31998
4.2421,1.6165,0.3082
4.252,1.6195,0.29637
4.2618,1.6225,0.28447
4.2716,1.6253,0.2725
4.2814,1.6279,0.26046
4.2911,1.6305,0.24835
4.3008,1.6329,0.23617
4.3104,1.6351,0.2239
4.32,1.6372,0.21156
4.3296,1.6392,0.19913
4.3391,1.6411,0.18662
4.3486,1.6428,0.17402
4.3581,1.6444,0.16132
4.3674,1.6459,0.14853
4.3768,1.6472,0.13565
4.3861,1.6484,0.12265
4.3953,1.6495,0.10956
4.4045,1.6505,0.09635
4.4136,1.6513,0.08303
4.4227,1.652,0.069592
4.4317,1.6525,0.056032
4.4407,1.653,0.042347
4.4496,1.6533,0.028532
4.4584,1.6535,0.014583
4.4672,1.6536,0.00049531
4.4759,1.6535,-0.013736
4.4846,1.6533,-0.028115
4.4931,1.653,-0.042646
4.5016,1.6526,-0.057336
4.5101,1.652,-0.072188
4.5184,1.6514,-0.087207
4.5267,1.6506,-0.1024
4.5349,1.6497,-0.11777
4.5431,1.6486,-0.13332
4.5512,1.6475,-0.14906
4.5591,1.6462,-0.165
4.567,1.6449,-0.18114
4.5749,1.6434,-0.19748
4.5826,1.6417,-0.21403
4.5902,1.64,-0.23079
4.5978,1.6382,-0.24778
4.6053,1.6362,-0.26499
4.6127,1.6341,-0.28244
4.62,1.6319,-0.30012
4.6272,1.6296,-0.31805
4.6343,1.6272,-0.33622
4.6413,1.6247,-0.35465
4.6482,1.6221,-0.37333
4.655,1.6193,-0.39227
4.6617,1.6165,-0.41148
4.6683,1.6135,-0.43096
4.6749,1.6104,-0.45071
4.6813,1.6073,-0.47073
4.6876,1.604,-0.49103
4.6938,1.6006,-0.51161
4.6999,1.5971,-0.53247
4.7058,1.5935,-0.55361
4.7117,1.5898,-0.57504
4.7175,1.5859,-0.59675
4.7231,1.582,-0.61873
4.7286,1.578,-0.64099
4.734,1.5739,-0.66353
4.7393,1.5696,-0.68634
4.7445,1.5653,-0.70941
4.7495,1.5609,-0.73274
4.7544,1.5563,-0.75633
4.7592,1.5517,-0.78016
4.7639,1.547,-0.80422
4.7684,1.5421,-0.82851
4.7729,1.5372,-0.85302
4.7771,1.5322,-0.87772
4.7813,1.5271,-0.90261
4.7853,1.5218,-0.92768
4.7892,1.5165,-0.9529
4.7929,1.5111,-0.97826
4.7965,1.5056,-1.0037
4.8,1.5,-1.0293
4.8033,1.4943,-1.0545
4.8065,1.4885,-1.0791
4.8096,1.4826,-1.103
4.8125,1.4767,-1.1262
4.8153,1.4706,-1.1487
4.818,1.4645,-1.1703
4.8205,1.4583,-1.1913
4.823,1.452,-1.2114
4.8253,1.4456,-1.2308
4.8275,1.4392,-1.2495
4.8296,1.4327,-1.2674
4.8316,1.4261,-1.2845
4.8335,1.4194,-1.3009
4.8353,1.4127,-1.3166
4.837,1.4059,-1.3315
4.8386,1.399,-1.3458
4.8402,1.3921,-1.3593
4.8416,1.3851,-1.3722
4.843,1.3781,-1.3844
4.8443,1.371,-1.396
4.8455,1.3638,-1.4069
4.8467,1.3566,-1.4172
4.8477,1.3494,-1.4269
4.8488,1.3421,-1.436
4.8497,1.3348,-1.4446
4.8506,1.3274,-1.4526
4.8515,1.3199,-1.46
4.8523,1.3125,-1.4668
4.853,1.305,-1.4732
4.8538,1.2974,-1.479
4.8544,1.2899,-1.4843
4.8551,1.2822,-1.4891
4.8557,1.2746,-1.4934
4.8563,1.267,-1.4972
4.8568,1.2593,-1.5005
4.8573,1.2516,-1.5034
4.8579,1.2438,-1.5058
4.8584,1.2361,-1.5077
4.8588,1.2283,-1.5092
4.8593,1.2205,-1.5102
4.8598,1.2127,-1.5108
4.8603,1.2049,-1.5109
4.8607,1.1971,-1.5106
4.8612,1.1892,-1.5098
4.8617,1.1814,-1.5086
4.8622,1.1736,-1.5069
4.8627,1.1657,-1.5048
4.8632,1.1579,-1.5022
4.8638,1.15,-1.4992
4.8643,1.1422,-1.4958
4.8649,1.1344,-1.4919
4.8656,1.1266,-1.4875
4.8662,1.1187,-1.4827
4.867,1.111,-1.4774
4.8677,1.1032,-1.4716
4.8685,1.0954,-1.4654
4.8693,1.0877,-1.4587
4.8702,1.0799,-1.4515
4.8712,1.0722,-1.4438
4.8722,1.0645,-1.4356
4.8733,1.0569,-1.4269
4.8744,1.0492,-1.4177
4.8756,1.0417,-1.4079
4.8769,1.0341,-1.3976
4.8783,1.0266,-1.3868
4.8797,1.0191,-1.3755
4.8812,1.0116,-1.3636
4.8828,1.0042,-1.3511
4.8845,0.99681,-1.3381
4.8863,0.98948,-1.3245
4.8882,0.9822,-1.3103
4.8902,0.97496,-1.2956
4.8923,0.96777,-1.2802
4.8945,0.96064,-1.2643
4.8968,0.95356,-1.2477
4.8992,0.94654,-1.2306
4.9017,0.93957,-1.2129
4.9044,0.93266,-1.1945
4.9072,0.92582,-1.1756
4.9101,0.91904,-1.1561
4.9131,0.91233,-1.1361
4.9163,0.90568,-1.1155
4.9196,0.89911,-1.0943
4.923,0.89261,-1.0726
4.9266,0.88618,-1.0504
4.9303,0.87983,-1.0276
4.9342,0.87355,-1.0045
4.9383,0.86736,-0.98086
4.9425,0.86124,-0.95685
4.9468,0.85522,-0.93246
4.9514,0.84927,-0.90773
4.956,0.84342,-0.88271
4.9609,0.83766,-0.85743
4.9659,0.83199,-0.83194
4.9712,0.82641,-0.80628
4.9765,0.82093,-0.7805
4.9821,0.81554,-0.75464
4.9879,0.81026,-0.72874
4.9938,0.80508,-0.70287
5,0.8,-0.67713
5.0063,0.79503,-0.65195
5.0129,0.79016,-0.62772
5.0196,0.78539,-0.6045
5.0265,0.78073,-0.58225
5.0336,0.77616,-0.56095
5.0409,0.77169,-0.54057
5.0484,0.76731,-0.52109
5.056,0.76303,-0.50246
5.0638,0.75883,-0.48467
5.0718,0.75473,-0.46767
5.0799,0.75071,-0.45143
5.0882,0.74677,-0.43593
5.0966,0.74292,-0.42114
5.1052,0.73915,-0.40702
5.1139,0.73545,-0.39355
5.1228,0.73184,-0.38071
5.1318,0.72829,-0.36845
5.141,0.72482,-0.35677
5.1503,0.72143,-0.34564
5.1597,0.71809,-0.33503
5.1692,0.71483,-0.32492
5.1789,0.71163,-0.3153
5.1886,0.7085,-0.30614
5.1985,0.70542,-0.29742
5.2085,0.7024,-0.28914
5.2186,0.69944,-0.28126
5.2288,0.69654,-0.27378
5.2391,0.69369,-0.26669
5.2495,0.69088,-0.25996
5.26,0.68813,-0.25358
5.2706,0.68543,-0.24755
5.2812,0.68277,-0.24185
5.2919,0.68015,-0.23647
5.3028,0.67758,-0.2314
5.3136,0.67504,-0.22664
5.3246,0.67254,-0.22217
5.3356,0.67008,-0.21798
5.3467,0.66765,-0.21407
5.3578,0.66525,-0.21044
5.369,0.66288,-0.20706
5.3803,0.66053,-0.20395
5.3916,0.65822,-0.20109
5.4029,0.65592,-0.19848
5.4143,0.65365,-0.19611
5.4257,0.6514,-0.19398
5.4371,0.64916,-0.19209
5.4486,0.64694,-0.19043
5.4601,0.64474,-0.18901
5.4716,0.64254,-0.18781
5.4831,0.64036,-0.18684
5.4946,0.63818,-0.18609
5.5062,0.63601,-0.18557
5.5178,0.63384,-0.18527
5.5293,0.63168,-0.18519
5.5409,0.62951,-0.18533
5.5524,0.62734,-0.18569
5.564,0.62517,-0.18628
5.5755,0.62299,-0.1871
5.587,0.62081,-0.18813
5.5985,0.61861,-0.1894
5.61,0.6164,-0.1909
5.6215,0.61418,-0.19262
5.6329,0.61194,-0.19458
5.6443,0.60969,-0.19678
5.6556,0.60741,-0.19923
5.6669,0.60511,-0.20192
5.6782,0.60279,-0.20486
5.6894,0.60045,-0.20805
5.7005,0.59807,-0.21151
5.7116,0.59567,-0.21524
5.7227,0.59323,-0.21924
5.7336,0.59076,-0.22352
5.7445,0.58826,-0.22809
5.7554,0.58572,-0.23296
5.7661,0.58313,-0.23814
5.7768,0.58051,-0.24363
5.7874,0.57784,-0.24945
5.7979,0.57513,-0.25561
5.8084,0.57237,-0.26212
5.8187,0.56956,-0.26899
5.8289,0.5667,-0.27624
5.8391,0.56379,-0.28387
5.8491,0.56082,-0.29191
5.859,0.55779,-0.30038
5.8688,0.55471,-0.30928
5.8785,0.55156,-0.31863
5.8881,0.54835,-0.32846
5.8975,0.54508,-0.33879
5.9069,0.54174,-0.34963
5.916,0.53833,-0.36101
5.9251,0.53485,-0.37295
5.934,0.53129,-0.38548
5.9428,0.52766,-0.39863
5.9514,0.52396,-0.41241
5.9599,0.52017,-0.42686
5.9683,0.51631,-0.442
5.9764,0.51236,-0.45787
5.9845,0.50833,-0.4745
5.9923,0.50421,-0.49192
6,0.5,-0.51009
6.0075,0.4957,-0.52868
6.0149,0.49132,-0.54734
6.0221,0.48684,-0.56597
6.0291,0.48229,-0.58455
6.0359,0.47765,-0.60304
6.0427,0.47293,-0.62143
6.0492,0.46814,-0.63967
6.0557,0.46327,-0.65776
6.0619,0.45833,-0.67565
6.0681,0.45331,-0.69334
6.0741,0.44824,-0.71078
6.0799,0.44309,-0.72795
6.0857,0.43788,-0.74484
6.0913,0.43261,-0.76142
6.0968,0.42728,-0.77766
6.1022,0.4219,-0.79355
6.1075,0.41646,-0.80906
6.1126,0.41097,-0.82419
6.1177,0.40543,-0.8389
6.1226,0.39984,-0.85318
6.1275,0.3942,-0.86702
6.1322,0.38853,-0.88041
6.1369,0.38281,-0.89332
6.1414,0.37705,-0.90576
6.1459,0.37126,-0.9177
6.1503,0.36544,-0.92913
6.1547,0.35958,-0.94006
6.1589,0.35369,-0.95046
6.1631,0.34778,-0.96034
6.1672,0.34184,-0.96968
6.1713,0.33588,-0.97848
6.1752,0.3299,-0.98674
6.1792,0.3239,-0.99444
6.183,0.31788,-1.0016
6.1869,0.31185,-1.0082
6.1907,0.30582,-1.0142
6.1944,0.29977,-1.0196
6.1981,0.29371,-1.0245
6.2018,0.28765,-1.0288
6.2054,0.28159,-1.0325
6.209,0.27553,-1.0356
6.2126,0.26947,-1.0382
6.2161,0.26342,-1.0401
6.2197,0.25737,-1.0415
6.2232,0.25133,-1.0423
6.2267,0.24531,-1.0424
6.2302,0.23929,-1.042
6.2337,0.2333,-1.0409
6.2373,0.22732,-1.0392
6.2408,0.22136,-1.0369
6.2443,0.21543,-1.034
6.2478,0.20952,-1.0304
6.2514,0.20364,-1.0263
6.2549,0.19779,-1.0214
6.2585,0.19197,-1.016
6.2621,0.18618,-1.0099
6.2657,0.18043,-1.0031
6.2694,0.17472,-0.9957
6.2731,0.16905,-0.98763
6.2769,0.16343,-0.9789
6.2807,0.15785,-0.96951
6.2845,0.15231,-0.95945
6.2884,0.14683,-0.94873
6.2923,0.1414,-0.93734
6.2963,0.13603,-0.92529
6.3004,0.13071,-0.91257
6.3045,0.12545,-0.8992
6.3087,0.12025,-0.88517
6.3129,0.11512,-0.87049
6.3173,0.11005,-0.85518
6.3217,0.10505,-0.83924
6.3262,0.10012,-0.82269
6.3308,0.095267,-0.80554
6.3354,0.090486,-0.78781
6.3402,0.085783,-0.76952
6.3451,0.081159,-0.7507
6.35,0.076617,-0.73136
6.3551,0.07216,-0.71155
6.3603,0.067789,-0.69128
6.3656,0.063507,-0.67059
6.371,0.059316,-0.64952
6.3765,0.055218,-0.6281
6.3821,0.051216,-0.60637
6.3879,0.047311,-0.58438
6.3938,0.043507,-0.56217
6.3998,0.039805,-0.53978
6.406,0.036208,-0.51725
6.4122,0.032718,-0.49463
6.4187,0.029336,-0.47196
6.4253,0.026067,-0.44929
6.432,0.022911,-0.42666
6.4389,0.019871,-0.40411
6.446,0.016949,-0.38168
6.4532,0.014148,-0.35941
6.4605,0.01147,-0.33733
6.4681,0.0089165,-0.31549
6.4758,0.0064907,-0.29391
6.4837,0.0041945,-0.27261
6.4918,0.0020301,-0.25163
6.5,0,-0.23104
6.5084,-0.0018941,-0.21101
6.517,-0.0036516,-0.19172
6.5258,-0.0052725,-0.17315
6.5348,-0.0067567,-0.15525
6.5439,-0.0081042,-0.13797
6.5532,-0.0093148,-0.12127
6.5627,-0.010388,-0.1051
6.5723,-0.011325,-0.089441
6.582,-0.012125,-0.074245
6.5919,-0.012787,-0.059483
6.602,-0.013312,-0.045123
6.6121,-0.013699,-0.031137
6.6224,-0.01395,-0.017497
6.6329,-0.014062,-0.0041787
6.6434,-0.014037,0.0088417
6.6541,-0.013875,0.021587
6.6649,-0.013574,0.034077
6.6758,-0.013136,0.046333
6.6868,-0.01256,0.058372
6.6979,-0.011845,0.070213
6.709,-0.010993,0.081873
6.7203,-0.010002,0.093366
6.7317,-0.0088732,0.10471
6.7431,-0.0076058,0.11591
6.7546,-0.0062,0.12699
6.7662,-0.0046557,0.13797
6.7779,-0.0029727,0.14884
6.7896,-0.001151,0.15963
6.8014,0.00080944,0.17034
6.8132,0.0029088,0.18099
6.8251,0.0051471,0.19159
6.837,0.0075245,0.20214
6.849,0.010041,0.21266
6.861,0.012697,0.22316
6.873,0.015492,0.23365
6.885,0.018426,0.24413
6.8971,0.0215,0.25461
6.9092,0.024714,0.26511
6.9213,0.028067,0.27563
6.9334,0.031559,0.28618
6.9455,0.035192,0.29676
6.9576,0.038965,0.3074
6.9697,0.042877,0.31809
6.9818,0.04693,0.32884
6.9939,0.051122,0.33966
7.0059,0.055455,0.35056
7.018,0.059928,0.36155
7.03,0.064542,0.37263
7.0419,0.069296,0.38381
7.0538,0.074191,0.3951
7.0657,0.079226,0.40651
7.0776,0.084402,0.41804
7.0893,0.089719,0.42971
7.1011,0.095177,0.44152
7.1127,0.10078,0.45347
7.1243,0.10652,0.46558
7.1359,0.1124,0.47786
7.1473,0.11842,0.4903
7.1587,0.12458,0.50293
7.17,0.13089,0.51574
7.1812,0.13733,0.52875
7.1923,0.14392,0.54196
7.2033,0.15065,0.55539
7.2142,0.15752,0.56903
7.225,0.16454,0.58289
7.2357,0.17169,0.597
7.2463,0.17899,0.61134
7.2567,0.18643,0.62593
7.2671,0.19401,0.64078
7.2773,0.20173,0.65589
7.2873,0.2096,0.67128
7.2972,0.21761,0.68694
7.307,0.22576,0.70288
7.3166,0.23405,0.71912
7.3261,0.24249,0.73565
7.3354,0.25106,0.75249
7.3446,0.25979,0.76963
7.3536,0.26865,0.78708
7.3624,0.27766,0.80485
7.3711,0.28681,0.82294
7.3795,0.2961,0.84136
7.3878,0.30554,0.86009
7.3959,0.31512,0.87916
7.4038,0.32484,0.89855
7.4115,0.33471,0.91826
7.419,0.34472,0.9383
7.4263,0.35488,0.95866
7.4333,0.36518,0.97934
7.4402,0.37562,1.0003
7.4468,0.3862,1.0216
7.4532,0.39693,1.0432
7.4594,0.40781,1.0651
7.4654,0.41883,1.0873
7.4711,0.42999,1.1097
7.4765,0.4413,1.1324
7.4817,0.45275,1.1553
7.4867,0.46434,1.1785
7.4914,0.47608,1.2019
7.4958,0.48797,1.2254
7.5,0.5,1.2491
7.5039,0.51217,1.2726
7.5075,0.52449,1.2957
7.5109,0.53695,1.3183
7.514,0.54954,1.3405
7.5168,0.56227,1.3621
7.5194,0.57513,1.3833
7.5217,0.58812,1.4039
7.5238,0.60123,1.4241
7.5256,0.61447,1.4438
7.5272,0.62783,1.463
7.5285,0.64131,1.4817
7.5296,0.65491,1.4999
7.5305,0.66862,1.5177
7.5311,0.68244,1.535
7.5315,0.69637,1.5519
7.5316,0.7104,1.5683
7.5315,0.72454,1.5843
7.5312,0.73878,1.5999
7.5307,0.75311,1.6151
7.53,0.76754,1.6298
7.529,0.78207,1.6442
7.5278,0.79668,1.6582
7.5264,0.81138,1.6718
7.5248,0.82617,1.6851
7.523,0.84104,1.698
7.521,0.85599,1.7106
7.5188,0.87101,1.7229
7.5164,0.88611,1.7348
7.5138,0.90128,1.7465
7.511,0.91653,1.7578
7.508,0.93183,1.7689
7.5048,0.9472,1.7796
7.5015,0.96264,1.7902
7.4979,0.97813,1.8004
7.4942,0.99368,1.8104
7.4903,1.0093,1.8202
7.4863,1.0249,1.8297
7.482,1.0406,1.839
7.4776,1.0564,1.8481
7.473,1.0722,1.8569
7.4683,1.088,1.8656
7.4634,1.1039,1.874
7.4584,1.1198,1.8823
7.4532,1.1357,1.8904
7.4478,1.1517,1.8983
7.4423,1.1677,1.906
7.4367,1.1837,1.9136
7.4309,1.1997,1.921
7.4249,1.2158,1.9283
7.4189,1.2319,1.9354
7.4127,1.248,1.9423
7.4063,1.2641,1.9492
7.3998,1.2802,1.9558
7.3933,1.2963,1.9624
7.3865,1.3124,1.9688
7.3797,1.3286,1.9751
7.3727,1.3447,1.9813
7.3657,1.3608,1.9874
7.3585,1.3769,1.9934
7.3512,1.393,1.9992
7.3438,1.4091,2.005
7.3362,1.4252,2.0106
7.3286,1.4413,2.0162
7.3209,1.4573,2.0217
7.3131,1.4733,2.0271
7.3052,1.4893,2.0324
7.2972,1.5053,2.0376
7.2891,1.5212,2.0427
7.281,1.5372,2.0478
7.2727,1.553,2.0528
7.2644,1.5689,2.0577
7.256,1.5847,2.0626
7.2475,1.6004,2.0673
7.2389,1.6161,2.0721
7.2303,1.6318,2.0767
7.2216,1.6474,2.0813
7.2128,1.6629,2.0859
7.204,1.6784,2.0904
7.1951,1.6939,2.0949
7.1862,1.7093,2.0993
7.1772,1.7246,2.1036
7.1682,1.7398,2.108
7.1591,1.755,2.1122
7.15,1.7701,2.1165
7.1408,1.7851,2.1207
7.1316,1.8001,2.1249
7.1223,1.815,2.129
7.113,1.8298,2.1331
7.1037,1.8445,2.1372
7.0944,1.8591,2.1412
7.085,1.8737,2.1453
7.0756,1.8881,2.1493
7.0662,1.9024,2.1533
7.0568,1.9167,2.1573
7.0473,1.9308,2.1612
7.0379,1.9449,2.1652
7.0284,1.9588,2.1691
7.019,1.9727,2.1731
7.0095,1.9864,2.177
7,2,2.181
6.9905,2.0135,2.1849
6.9811,2.0269,2.1889
6.9716,2.0401,2.1928
6.9621,2.0533,2.1968
6.9526,2.0663,2.2008
6.9432,2.0793,2.2048
6.9337,2.0921,2.2089
6.9242,2.1048,2.2129
6.9147,2.1174,2.2169
6.9053,2.13,2.221
6.8958,2.1424,2.2251
6.8863,2.1547,2.2291
6.8768,2.1669,2.2332
6.8673,2.179,2.2373
6.8579,2.191,2.2414
6.8484,2.2029,2.2455
6.8389,2.2148,2.2496
6.8294,2.2265,2.2537
6.8199,2.2381,2.2577
6.8103,2.2497,2.2618
6.8008,2.2611,2.2659
6.7913,2.2725,2.27
6.7818,2.2838,2.2741
6.7722,2.295,2.2782
6.7627,2.3061,2.2822
6.7531,2.3171,2.2863
6.7436,2.3281,2.2903
6.734,2.339,2.2943
6.7244,2.3498,2.2984
6.7148,2.3605,2.3024
6.7053,2.3711,2.3064
6.6956,2.3817,2.3103
6.686,2.3922,2.3143
6.6764,2.4026,2.3182
6.6668,2.413,2.3221
6.6571,2.4233,2.326
6.6475,2.4335,2.3299
6.6378,2.4436,2.3337
6.6281,2.4537,2.3375
6.6184,2.4638,2.3413
6.6087,2.4737,2.3451
6.599,2.4836,2.3488
6.5893,2.4935,2.3525
6.5795,2.5032,2.3561
6.5698,2.513,2.3598
6.56,2.5226,2.3634
6.5502,2.5323,2.3669
6.5404,2.5418,2.3704
6.5305,2.5513,2.3739
6.5207,2.5608,2.3773
6.5109,2.5702,2.3807
6.501,2.5796,2.3841
6.4911,2.5889,2.3874
6.4812,2.5982,2.3907
6.4713,2.6074,2.3939
6.4613,2.6166,2.397
6.4513,2.6258,2.4002
6.4414,2.6349,2.4032
6.4314,2.644,2.4062
6.4213,2.653,2.4092
6.4113,2.662,2.4121
6.4012,2.671,2.415
6.3912,2.6799,2.4178
6.381,2.6888,2.4206
6.3709,2.6977,2.4233
6.3608,2.7065,2.4259
6.3506,2.7154,2.4285
6.3404,2.7242,2.431
6.3302,2.7329,2.4335
6.3199,2.7417,2.4359
6.3097,2.7504,2.4382
6.2994,2.7591,2.4405
6.2891,2.7678,2.4428
6.2787,2.7765,2.4449
6.2684,2.7851,2.447
6.258,2.7937,2.4491
6.2476,2.8024,2.451
6.2371,2.811,2.453
6.2267,2.8196,2.4548
6.2162,2.8282,2.4566
6.2056,2.8367,2.4583
6.1951,2.8453,2.46
6.1845,2.8539,2.4616
6.1739,2.8625,2.4631
6.1633,2.871,2.4646
6.1526,2.8796,2.466
6.1419,2.8881,2.4673
6.1312,2.8967,2.4686
6.1204,2.9053,2.4698
6.1096,2.9138,2.471
6.0988,2.9224,2.472
6.088,2.931,2.4731
6.0771,2.9396,2.474
6.0662,2.9482,2.4749
6.0552,2.9568,2.4757
6.0443,2.9654,2.4765
6.0332,2.974,2.4772
6.0222,2.9827,2.4778
6.0111,2.9913,2.4784
6,3,2.4789
5.9889,3.0087,2.4794
5.9777,3.0174,2.48
5.9665,3.0261,2.4807
5.9552,3.0349,2.4815
5.9439,3.0436,2.4823
5.9326,3.0524,2.4832
5.9213,3.0611,2.4842
5.91,3.0699,2.4852
5.8986,3.0786,2.4864
5.8872,3.0873,2.4876
5.8758,3.0961,2.4889
5.8644,3.1048,2.4902
5.853,3.1135,2.4917
5.8415,3.1222,2.4932
5.8301,3.1308,2.4948
5.8186,3.1395,2.4965
5.8071,3.1481,2.4983
5.7957,3.1567,2.5001
5.7842,3.1652,2.5021
5.7727,3.1738,2.5041
5.7612,3.1823,2.5063
5.7497,3.1907,2.5085
5.7383,3.1991,2.5108
5.7268,3.2075,2.5132
5.7153,3.2158,2.5157
5.7039,3.224,2.5183
5.6924,3.2322,2.5211
5.681,3.2404,2.5239
5.6695,3.2485,2.5268
5.6581,3.2565,2.5298
5.6467,3.2645,2.533
5.6354,3.2724,2.5363
5.624,3.2802,2.5397
5.6127,3.288,2.5432
5.6014,3.2956,2.5468
5.5901,3.3032,2.5506
5.5788,3.3108,2.5545
5.5676,3.3182,2.5586
5.5564,3.3255,2.5628
5.5453,3.3328,2.5671
5.5341,3.34,2.5717
5.523,3.347,2.5763
5.512,3.354,2.5812
5.501,3.3609,2.5862
5.49,3.3677,2.5914
5.4791,3.3743,2.5968
5.4682,3.3809,2.6024
5.4573,3.3873,2.6082
5.4465,3.3937,2.6142
5.4358,3.3999,2.6204
5.4251,3.406,2.6269
5.4145,3.4119,2.6336
5.4039,3.4178,2.6405
5.3934,3.4235,2.6478
5.3829,3.4291,2.6553
5.3725,3.4345,2.663
5.3621,3.4399,2.6711
5.3518,3.445,2.6795
5.3416,3.4501,2.6883
5.3315,3.455,2.6974
5.3214,3.4597,2.7068
5.3114,3.4643,2.7166
5.3014,3.4687,2.7269
5.2916,3.473,2.7375
5.2818,3.4771,2.7486
5.2721,3.4811,2.7602
5.2624,3.4849,2.7722
5.2529,3.4885,2.7848
5.2434,3.492,2.7979
5.234,3.4953,2.8116
5.2247,3.4984,2.8258
5.2155,3.5013,2.8407
5.2064,3.5041,2.8563
5.1973,3.5067,2.8726
5.1884,3.509,2.8896
5.1795,3.5112,2.9073
5.1708,3.5132,2.9259
5.1621,3.5151,2.9453
5.1536,3.5167,2.9657
5.1451,3.5181,2.9869
5.1368,3.5193,3.0091
5.1285,3.5203,3.0323
5.1204,3.5211,3.0566
5.1124,3.5217,3.082
5.1044,3.522,3.1085
5.0966,3.5222,3.1361
5.0889,3.5221,-3.1182
5.0814,3.5218,-3.0882
5.0739,3.5213,-3.0569
5.0665,3.5206,-3.0244
5.0593,3.5196,-2.9906
5.0522,3.5184,-2.9556
5.0452,3.5169,-2.9194
5.0384,3.5153,-2.8821
5.0317,3.5133,-2.8436
5.0251,3.5112,-2.8041
5.0186,3.5088,-2.7637
5.0123,3.5061,-2.7225
5.0061,3.5032,-2.6806
5,3.5,-2.6382
4.9941,3.4966,-2.5959
4.9883,3.4929,-2.5545
4.9826,3.4889,-2.5142
4.9771,3.4848,-2.4752
4.9717,3.4803,-2.4374
4.9664,3.4757,-2.4011
4.9612,3.4708,-2.3662
4.9561,3.4656,-2.3328
4.9512,3.4603,-2.3009
4.9463,3.4547,-2.2706
4.9416,3.4489,-2.2417
4.9369,3.4428,-2.2143
4.9324,3.4366,-2.1884
4.9279,3.4302,-2.1639
4.9235,3.4235,-2.1407
4.9193,3.4166,-2.1189
4.915,3.4096,-2.0984
4.9109,3.4023,-2.079
4.9069,3.3949,-2.0608
4.9029,3.3873,-2.0438
4.899,3.3794,-2.0278
4.8951,3.3714,-2.0128
4.8913,3.3633,-1.9988
4.8876,3.3549,-1.9857
4.8839,3.3464,-1.9735
4.8802,3.3377,-1.9621
4.8767,3.3289,-1.9516
4.8731,3.3199,-1.9418
4.8696,3.3108,-1.9327
4.8661,3.3015,-1.9243
4.8627,3.292,-1.9166
4.8593,3.2824,-1.9095
4.8559,3.2727,-1.903
4.8525,3.2628,-1.8971
4.8492,3.2528,-1.8918
4.8458,3.2427,-1.887
4.8425,3.2325,-1.8827
4.8392,3.2221,-1.8789
4.8359,3.2116,-1.8757
4.8325,3.201,-1.8728
4.8292,3.1903,-1.8705
4.8259,3.1795,-1.8685
4.8226,3.1686,-1.867
4.8192,3.1576,-1.8659
4.8158,3.1465,-1.8652
4.8124,3.1353,-1.8649
4.809,3.124,-1.8649
4.8056,3.1126,-1.8654
4.8021,3.1012,-1.8662
4.7986,3.0897,-1.8674
4.795,3.0781,-1.8689
4.7915,3.0664,-1.8707
4.7878,3.0547,-1.8729
4.7841,3.0429,-1.8755
4.7804,3.0311,-1.8783
4.7766,3.0192,-1.8815
4.7727,3.0072,-1.8851
4.7688,2.9953,-1.8889
4.7648,2.9832,-1.8931
4.7608,2.9712,-1.8976
4.7566,2.9591,-1.9024
4.7524,2.9469,-1.9075
4.7481,2.9348,-1.9129
4.7438,2.9226,-1.9186
4.7393,2.9104,-1.9247
4.7347,2.8982,-1.931
4.7301,2.8859,-1.9377
4.7253,2.8737,-1.9446
4.7205,2.8614,-1.9519
4.7155,2.8492,-1.9595
4.7104,2.837,-1.9674
4.7053,2.8247,-1.9756
4.7,2.8125,-1.9841
4.6945,2.8003,-1.9929
4.689,2.7881,-2.002
4.6833,2.7759,-2.0115
4.6775,2.7638,-2.0212
4.6716,2.7517,-2.0313
4.6655,2.7396,-2.0416
4.6593,2.7275,-2.0523
4.653,2.7155,-2.0633
4.6465,2.7036,-2.0746
4.6398,2.6917,-2.0861
4.633,2.6798,-2.098
4.626,2.668,-2.1102
4.6189,2.6562,-2.1227
4.6116,2.6445,-2.1355
4.6041,2.6329,-2.1486
4.5965,2.6214,-2.162
4.5887,2.6099,-2.1757
4.5807,2.5985,-2.1897
4.5725,2.5872,-2.2039
4.5641,2.5759,-2.2184
4.5556,2.5648,-2.2332
4.5468,2.5537,-2.2482
4.5379,2.5428,-2.2635
4.5287,2.5319,-2.2791
4.5193,2.5212,-2.2949
4.5098,2.5105,-2.3109
4.5,2.5,-2.3271
4.49,2.4896,-2.3433
4.4798,2.4793,-2.3592
4.4694,2.4691,-2.3749
4.4588,2.459,-2.3903
4.448,2.4491,-2.4055
4.4369,2.4392,-2.4205
4.4257,2.4295,-2.4352
4.4143,2.4199,-2.4497
4.4027,2.4105,-2.464
4.391,2.4011,-2.4781
4.379,2.3919,-2.492
4.3669,2.3828,-2.5056
4.3546,2.3739,-2.5191
4.3421,2.3651,-2.5324
4.3294,2.3564,-2.5455
4.3166,2.3478,-2.5584
4.3036,2.3393,-2.5712
4.2905,2.331,-2.5838
4.2772,2.3229,-2.5963
4.2638,2.3148,-2.6086
4.2502,2.3069,-2.6207
4.2365,2.2992,-2.6327
4.2226,2.2915,-2.6446
4.2086,2.284,-2.6564
4.1945,2.2767,-2.668
4.1802,2.2695,-2.6796
4.1658,2.2624,-2.691
4.1513,2.2555,-2.7023
4.1366,2.2487,-2.7135
4.1219,2.2421,-2.7246
4.107,2.2356,-2.7357
4.092,2.2292,-2.7466
4.0769,2.223,-2.7575
4.0617,2.217,-2.7683
4.0464,2.2111,-2.7791
4.031,2.2054,-2.7897
4.0156,2.1998,-2.8004
4,2.1943,-2.8109
3.9843,2.189,-2.8215
3.9686,2.1839,-2.8319
3.9528,2.1789,-2.8424
3.9369,2.1741,-2.8528
3.9209,2.1695,-2.8632
3.9048,2.165,-2.8735
3.8887,2.1606,-2.8838
3.8726,2.1565,-2.8942
3.8563,2.1525,-2.9045
3.84,2.1486,-2.9148
3.8237,2.1449,-2.9251
3.8073,2.1414,-2.9354
3.7909,2.1381,-2.9457
3.7744,2.1349,-2.956
3.7579,2.1319,-2.9663
3.7413,2.129,-2.9767
3.7248,2.1264,-2.987
3.7081,2.1239,-2.9974
3.6915,2.1215,-3.0079
3.6748,2.1194,-3.0183
3.6582,2.1174,-3.0289
3.6415,2.1156,-3.0394
3.6248,2.114,-3.05
3.6081,2.1125,-3.0607
3.5913,2.1113,-3.0714
3.5746,2.1102,-3.0822
3.5579,2.1093,-3.093
3.5412,2.1085,-3.1039
3.5245,2.108,-3.1149
3.5078,2.1077,-3.126
3.4911,2.1075,-3.1371
3.4744,2.1075,3.1348
3.4578,2.1077,3.1235
3.4412,2.1081,3.1121
3.4246,2.1087,3.1006
3.408,2.1095,3.089
3.3915,2.1104,3.0772
3.375,2.1116,3.0654
3.3586,2.1129,3.0534
3.3422,2.1145,3.0413
3.3259,2.1162,3.0291
3.3096,2.1182,3.0167
3.2933,2.1203,3.0043
3.2772,2.1227,2.9916
3.2611,2.1252,2.9789
3.245,2.1279,2.966
3.229,2.1309,2.9529
3.2131,2.134,2.9397
3.1973,2.1374,2.9263
3.1816,2.1409,2.9127
3.1659,2.1447,2.899
3.1503,2.1487,2.8851
3.1348,2.1528,2.8711
3.1194,2.1572,2.8568
3.1041,2.1618,2.8424
3.0889,2.1666,2.8278
3.0738,2.1717,2.813
3.0588,2.1769,2.798
3.0439,2.1823,2.7829
3.0292,2.188,2.7675
3.0145,2.1939,2.7519
3,2.2,2.7362
2.9856,2.2063,2.7205
2.9713,2.2129,2.7051
2.9571,2.2196,2.69
2.9431,2.2265,2.6751
2.9292,2.2337,2.6606
2.9154,2.241,2.6464
2.9017,2.2485,2.6325
2.8881,2.2562,2.619
2.8747,2.2641,2.6057
2.8613,2.2721,2.5928
2.8481,2.2803,2.5802
2.835,2.2887,2.5679
2.822,2.2972,2.5559
2.8091,2.3059,2.5442
2.7963,2.3147,2.5328
2.7836,2.3236,2.5218
2.771,2.3327,2.5111
2.7586,2.3419,2.5006
2.7462,2.3512,2.4905
2.734,2.3607,2.4807
2.7218,2.3702,2.4712
2.7098,2.3798,2.462
2.6978,2.3896,2.4531
2.686,2.3994,2.4445
2.6742,2.4094,2.4362
2.6626,2.4194,2.4281
2.651,2.4294,2.4204
2.6395,2.4396,2.4129
2.6282,2.4498,2.4058
2.6169,2.4601,2.3989
2.6057,2.4704,2.3923
2.5946,2.4808,2.386
2.5836,2.4912,2.38
2.5727,2.5017,2.3742
2.5619,2.5122,2.3687
2.5512,2.5227,2.3635
2.5406,2.5332,2.3586
2.53,2.5438,2.354
2.5195,2.5544,2.3496
2.5091,2.5649,2.3455
2.4988,2.5755,2.3417
2.4886,2.5861,2.3382
2.4785,2.5966,2.3349
2.4684,2.6071,2.332
2.4584,2.6177,2.3293
2.4485,2.6281,2.3269
2.4387,2.6386,2.3248
2.4289,2.649,2.323
2.4192,2.6594,2.3215
2.4096,2.6697,2.3202
2.4001,2.6799,2.3193
2.3906,2.6901,2.3187
2.3812,2.7003,2.3184
2.3719,2.7103,2.3185
2.3626,2.7203,2.3189
2.3534,2.7302,2.3196
2.3443,2.74,2.3206
2.3353,2.7497,2.3221
2.3263,2.7594,2.3238
2.3173,2.7689,2.326
2.3085,2.7783,2.3286
2.2997,2.7875,2.3315
2.2909,2.7967,2.3349
2.2822,2.8057,2.3387
2.2736,2.8146,2.343
2.265,2.8234,2.3478
2.2565,2.832,2.353
2.248,2.8405,2.3588
2.2396,2.8488,2.3651
2.2313,2.857,2.3719
2.223,2.865,2.3794
2.2147,2.8728,2.3874
2.2065,2.8804,2.3961
2.1983,2.8879,2.4055
2.1902,2.8952,2.4156
2.1822,2.9023,2.4265
2.1741,2.9091,2.4382
2.1662,2.9158,2.4507
2.1582,2.9223,2.4641
2.1504,2.9285,2.4785
2.1425,2.9346,2.4938
2.1347,2.9404,2.5102
2.1269,2.946,2.5278
2.1192,2.9513,2.5465
2.1115,2.9564,2.5664
2.1039,2.9612,2.5877
2.0963,2.9658,2.6103
2.0887,2.9702,2.6344
2.0811,2.9742,2.66
2.0736,2.978,2.6872
2.0661,2.9816,2.7161
2.0587,2.9848,2.7466
2.0512,2.9878,2.7789
2.0439,2.9904,2.8129
2.0365,2.9928,2.8488
2.0291,2.9949,2.8864
2.0218,2.9966,2.9259
2.0145,2.9981,2.967
2.0072,2.9992,3.0098
2,3,3.054
1.9928,3.0005,3.0989
1.9856,3.0006,-3.1395
1.9784,3.0004,-3.0952
1.9712,3,-3.0514
1.9641,2.9991,-3.0085
1.9569,2.998,-2.9664
1.9498,2.9966,-2.9254
1.9427,2.9949,-2.8856
1.9356,2.9929,-2.847
1.9286,2.9906,-2.8097
1.9215,2.9881,-2.7738
1.9145,2.9852,-2.7393
1.9075,2.9821,-2.7063
1.9005,2.9787,-2.6746
1.8935,2.975,-2.6444
1.8865,2.9711,-2.6155
1.8796,2.9669,-2.588
1.8726,2.9625,-2.5618
1.8657,2.9579,-2.5369
1.8588,2.9529,-2.5132
1.8519,2.9478,-2.4907
1.845,2.9424,-2.4694
1.8381,2.9368,-2.4491
1.8312,2.931,-2.4298
1.8243,2.925,-2.4115
1.8175,2.9187,-2.3942
1.8106,2.9123,-2.3778
1.8038,2.9056,-2.3622
1.7969,2.8987,-2.3474
1.7901,2.8917,-2.3334
1.7833,2.8844,-2.3201
1.7765,2.877,-2.3075
1.7697,2.8694,-2.2956
1.7628,2.8616,-2.2843
1.756,2.8537,-2.2736
1.7492,2.8456,-2.2634
1.7424,2.8373,-2.2538
1.7357,2.8289,-2.2448
1.7289,2.8203,-2.2362
1.7221,2.8116,-2.2281
1.7153,2.8027,-2.2204
1.7085,2.7937,-2.2132
1.7017,2.7846,-2.2064
1.6949,2.7753,-2.2
1.6881,2.7659,-2.194
1.6814,2.7564,-2.1883
1.6746,2.7468,-2.183
1.6678,2.7371,-2.1781
1.661,2.7273,-2.1735
1.6542,2.7174,-2.1691
1.6474,2.7073,-2.1651
1.6406,2.6972,-2.1614
1.6338,2.687,-2.158
1.627,2.6768,-2.1549
1.6202,2.6664,-2.1521
1.6133,2.656,-2.1495
1.6065,2.6455,-2.1472
1.5997,2.635,-2.1451
1.5928,2.6244,-2.1433
1.586,2.6137,-2.1417
1.5791,2.6031,-2.1404
1.5723,2.5923,-2.1393
1.5654,2.5815,-2.1385
1.5585,2.5707,-2.1379
1.5516,2.5599,-2.1375
1.5447,2.549,-2.1374
1.5378,2.5382,-2.1375
1.5308,2.5273,-2.1378
1.5239,2.5164,-2.1383
1.5169,2.5055,-2.1391
1.51,2.4946,-2.1401
1.503,2.4837,-2.1413
1.496,2.4728,-2.1428
1.489,2.4619,-2.1445
1.482,2.4511,-2.1464
1.4749,2.4402,-2.1485
1.4679,2.4294,-2.1509
1.4608,2.4187,-2.1536
1.4537,2.408,-2.1564
1.4466,2.3973,-2.1595
1.4395,2.3866,-2.1629
1.4323,2.3761,-2.1666
1.4252,2.3655,-2.1704
1.418,2.3551,-2.1746
1.4108,2.3447,-2.179
1.4035,2.3344,-2.1838
1.3963,2.3241,-2.1888
1.389,2.3139,-2.1941
1.3817,2.3039,-2.1996
1.3744,2.2939,-2.2056
1.3671,2.284,-2.2118
1.3597,2.2742,-2.2184
1.3524,2.2645,-2.2253
1.345,2.2549,-2.2325
1.3375,2.2454,-2.2401
1.3301,2.2361,-2.2481
1.3226,2.2269,-2.2565
1.3151,2.2178,-2.2653
1.3076,2.2088,-2.2745
1.3,2.2,-2.2842
1.2924,2.1913,-2.2941
1.2848,2.1828,-2.3041
1.2772,2.1744,-2.3142
1.2695,2.1661,-2.3245
1.2618,2.158,-2.3348
1.2541,2.15,-2.3453
1.2463,2.1422,-2.3558
1.2386,2.1345,-2.3665
1.2308,2.127,-2.3773
1.223,2.1196,-2.3882
1.2151,2.1123,-2.3992
1.2073,2.1052,-2.4103
1.1994,2.0982,-2.4215
1.1915,2.0913,-2.4328
1.1836,2.0846,-2.4443
1.1756,2.078,-2.4558
1.1677,2.0716,-2.4675
1.1597,2.0653,-2.4793
1.1517,2.0592,-2.4912
1.1437,2.0532,-2.5032
1.1357,2.0473,-2.5154
1.1277,2.0415,-2.5276
1.1196,2.0359,-2.54
1.1115,2.0305,-2.5525
1.1035,2.0251,-2.5651
1.0954,2.02,-2.5778
1.0873,2.0149,-2.5906
1.0791,2.01,-2.6035
1.071,2.0052,-2.6166
1.0629,2.0006,-2.6298
1.0547,1.996,-2.643
1.0466,1.9917,-2.6564
1.0384,1.9874,-2.6699
1.0302,1.9833,-2.6835
1.022,1.9794,-2.6972
1.0138,1.9755,-2.711
1.0056,1.9718,-2.7249
0.9974,1.9683,-2.739
0.98919,1.9648,-2.7531
0.98097,1.9615,-2.7673
0.97274,1.9584,-2.7816
0.96451,1.9553,-2.796
0.95628,1.9525,-2.8105
0.94805,1.9497,-2.8251
0.93981,1.9471,-2.8398
0.93157,1.9446,-2.8545
0.92333,1.9422,-2.8693
0.91508,1.94,-2.8843
0.90684,1.9379,-2.8992
0.8986,1.9359,-2.9143
0.89036,1.934,-2.9294
0.88212,1.9323,-2.9446
0.87389,1.9308,-2.9599
0.86565,1.9293,-2.9752
0.85742,1.928,-2.9906
0.8492,1.9268,-3.006
0.84098,1.9257,-3.0214
0.83276,1.9248,-3.0369
0.82455,1.924,-3.0525
0.81635,1.9233,-3.068
0.80815,1.9228,-3.0836
0.79996,1.9224,-3.0993
0.79178,1.9221,-3.1149
0.78361,1.922,-3.1306
0.77544,1.9219,3.1369
0.76729,1.922,3.1212
0.75914,1.9223,3.1055
0.75101,1.9226,3.0899
0.74289,1.9231,3.0742
0.73478,1.9237,3.0585
0.72669,1.9245,3.0428
0.7186,1.9253,3.0272
0.71053,1.9263,3.0116
0.70248,1.9274,2.996
0.69444,1.9287,2.9804
0.68641,1.93,2.9649
0.67841,1.9315,2.9494
0.67041,1.9332,2.934
0.66244,1.9349,2.9185
0.65448,1.9368,2.9032
0.64655,1.9388,2.8879
0.63863,1.9409,2.8727
0.63073,1.9431,2.8575
0.62285,1.9455,2.8423
0.61499,1.948,2.8273
0.60715,1.9506,2.8123
0.59934,1.9533,2.7974
0.59155,1.9562,2.7826
0.58378,1.9592,2.7678
0.57603,1.9623,2.7531
0.56831,1.9655,2.7385
0.56061,1.9688,2.724
0.55294,1.9723,2.7096
0.5453,1.9759,2.6952
0.53768,1.9796,2.681
0.53008,1.9835,2.6669
0.52252,1.9874,2.6528
0.51498,1.9915,2.6388
0.50748,1.9957,2.625
0.5,2,2.6112
0.49255,2.0044,2.5975
0.48514,2.009,2.584
0.47775,2.0137,2.5705
0.4704,2.0185,2.5571
0.46307,2.0234,2.5439
0.45578,2.0284,2.5307
0.44853,2.0336,2.5176
0.44131,2.0388,2.5047
0.43412,2.0442,2.4918
0.42697,2.0497,2.4791
0.41985,2.0554,2.4664
0.41277,2.0611,2.4539
0.40573,2.067,2.4415
0.39873,2.0729,2.4292
0.39176,2.079,2.4169
0.38483,2.0852,2.4048
0.37794,2.0916,2.3928
0.37109,2.098,2.3809
0.36428,2.1046,2.3691
0.35752,2.1112,2.3574
0.35079,2.118,2.3458
0.34411,2.1249,2.3343
0.33746,2.1319,2.3228
0.33087,2.1391,2.3115
0.32431,2.1463,2.3003
0.3178,2.1537,2.2892
0.31134,2.1612,2.2782
0.30492,2.1688,2.2673
0.29854,2.1765,2.2565
0.29222,2.1843,2.2458
0.28594,2.1922,2.2351
0.27971,2.2003,2.2246
0.27353,2.2084,2.2141
0.26739,2.2167,2.2038
0.26131,2.2251,2.1935
0.25527,2.2336,2.1833
0.24929,2.2422,2.1733
0.24336,2.2509,2.1633
0.23748,2.2597,2.1533
0.23165,2.2687,2.1435
0.22588,2.2777,2.1338
0.22016,2.2869,2.1241
0.21449,2.2961,2.1145
0.20888,2.3055,2.105
0.20333,2.315,2.0956
0.19783,2.3246,2.0863
0.19238,2.3343,2.077
0.187,2.3441,2.0678
0.18167,2.3541,2.0587
0.1764,2.3641,2.0497
0.17119,2.3743,2.0407
0.16604,2.3845,2.0318
0.16094,2.3949,2.023
0.15591,2.4054,2.0142
0.15094,2.4159,2.0056
0.14603,2.4266,1.997
0.14119,2.4374,1.9884
0.13641,2.4483,1.98
0.13169,2.4593,1.9715
0.12703,2.4705,1.9632
0.12244,2.4817,1.9549
0.11792,2.493,1.9467
0.11346,2.5044,1.9386
0.10906,2.516,1.9305
0.10474,2.5276,1.9224
0.10048,2.5394,1.9145
0.096288,2.5512,1.9066
0.092166,2.5632,1.8987
0.088114,2.5753,1.8909
0.084131,2.5874,1.8832
0.080219,2.5997,1.8755
0.076378,2.6121,1.8679
0.072608,2.6246,1.8603
0.068911,2.6372,1.8528
0.065286,2.6499,1.8453
0.061734,2.6626,1.8379
0.058257,2.6755,1.8305
0.054854,2.6885,1.8232
0.051526,2.7016,1.8159
0.048274,2.7148,1.8087
0.045098,2.7281,1.8016
0.041998,2.7416,1.7944
0.038976,2.7551,1.7874
0.036032,2.7687,1.7803
0.033167,2.7824,1.7733
0.030381,2.7962,1.7664
0.027674,2.8101,1.7595
0.025047,2.8241,1.7527
0.022502,2.8382,1.7459
0.020038,2.8524,1.7391
0.017655,2.8667,1.7324
0.015356,2.8812,1.7257
0.013139,2.8957,1.7191
0.011006,2.9103,1.7125
0.0089578,2.925,1.7059
0.0069942,2.9398,1.6994
0.005116,2.9547,1.6929
0.0033239,2.9697,1.6865
0.0016183,2.9848,1.6801
0,3,1.6801
